{
  "num_classes": 30,
  "n_samples": 5421,
  "split": {
    "train": 4336,
    "val": 542
  },
  "val_accuracy": 0.5535,
  "test_accuracy": 0.523,
  "val_report": {
    "sentences1": {
      "precision": 0.2727272727272727,
      "recall": 0.16666666666666666,
      "f1-score": 0.20689655172413793,
      "support": 18.0
    },
    "sentences10": {
      "precision": 0.47058823529411764,
      "recall": 0.4444444444444444,
      "f1-score": 0.45714285714285713,
      "support": 18.0
    },
    "sentences2": {
      "precision": 0.3333333333333333,
      "recall": 0.2857142857142857,
      "f1-score": 0.3076923076923077,
      "support": 14.0
    },
    "sentences3": {
      "precision": 0.3333333333333333,
      "recall": 0.35294117647058826,
      "f1-score": 0.34285714285714286,
      "support": 17.0
    },
    "sentences4": {
      "precision": 0.2727272727272727,
      "recall": 0.25,
      "f1-score": 0.2608695652173913,
      "support": 12.0
    },
    "sentences5": {
      "precision": 0.23076923076923078,
      "recall": 0.3333333333333333,
      "f1-score": 0.2727272727272727,
      "support": 9.0
    },
    "sentences6": {
      "precision": 0.3888888888888889,
      "recall": 0.5,
      "f1-score": 0.4375,
      "support": 14.0
    },
    "sentences7": {
      "precision": 0.4117647058823529,
      "recall": 0.5833333333333334,
      "f1-score": 0.4827586206896552,
      "support": 12.0
    },
    "sentences8": {
      "precision": 0.6666666666666666,
      "recall": 0.26666666666666666,
      "f1-score": 0.38095238095238093,
      "support": 15.0
    },
    "sentences9": {
      "precision": 0.7,
      "recall": 0.4117647058823529,
      "f1-score": 0.5185185185185185,
      "support": 17.0
    },
    "vowel1": {
      "precision": 0.8,
      "recall": 0.7272727272727273,
      "f1-score": 0.7619047619047619,
      "support": 22.0
    },
    "vowel2": {
      "precision": 0.6333333333333333,
      "recall": 0.7916666666666666,
      "f1-score": 0.7037037037037037,
      "support": 24.0
    },
    "vowel3": {
      "precision": 0.5714285714285714,
      "recall": 0.8571428571428571,
      "f1-score": 0.6857142857142857,
      "support": 14.0
    },
    "vowel4": {
      "precision": 0.8214285714285714,
      "recall": 0.8518518518518519,
      "f1-score": 0.8363636363636363,
      "support": 27.0
    },
    "vowel5": {
      "precision": 0.7647058823529411,
      "recall": 0.7222222222222222,
      "f1-score": 0.7428571428571429,
      "support": 18.0
    },
    "word1": {
      "precision": 0.4090909090909091,
      "recall": 0.6,
      "f1-score": 0.4864864864864865,
      "support": 15.0
    },
    "word10": {
      "precision": 0.5294117647058824,
      "recall": 0.6923076923076923,
      "f1-score": 0.6,
      "support": 13.0
    },
    "word11": {
      "precision": 0.64,
      "recall": 0.8,
      "f1-score": 0.7111111111111111,
      "support": 20.0
    },
    "word12": {
      "precision": 0.35,
      "recall": 0.5384615384615384,
      "f1-score": 0.42424242424242425,
      "support": 13.0
    },
    "word13": {
      "precision": 0.4166666666666667,
      "recall": 0.5555555555555556,
      "f1-score": 0.47619047619047616,
      "support": 18.0
    },
    "word14": {
      "precision": 0.7407407407407407,
      "recall": 0.7142857142857143,
      "f1-score": 0.7272727272727273,
      "support": 28.0
    },
    "word15": {
      "precision": 0.625,
      "recall": 0.5,
      "f1-score": 0.5555555555555556,
      "support": 20.0
    },
    "word2": {
      "precision": 0.8235294117647058,
      "recall": 0.4375,
      "f1-score": 0.5714285714285714,
      "support": 32.0
    },
    "word3": {
      "precision": 0.4375,
      "recall": 0.4375,
      "f1-score": 0.4375,
      "support": 16.0
    },
    "word4": {
      "precision": 0.6923076923076923,
      "recall": 0.3333333333333333,
      "f1-score": 0.45,
      "support": 27.0
    },
    "word5": {
      "precision": 0.23809523809523808,
      "recall": 0.5,
      "f1-score": 0.3225806451612903,
      "support": 10.0
    },
    "word6": {
      "precision": 0.68,
      "recall": 0.8947368421052632,
      "f1-score": 0.7727272727272727,
      "support": 19.0
    },
    "word7": {
      "precision": 0.8666666666666667,
      "recall": 0.5416666666666666,
      "f1-score": 0.6666666666666666,
      "support": 24.0
    },
    "word8": {
      "precision": 0.5882352941176471,
      "recall": 0.45454545454545453,
      "f1-score": 0.5128205128205128,
      "support": 22.0
    },
    "word9": {
      "precision": 0.5,
      "recall": 0.6428571428571429,
      "f1-score": 0.5625,
      "support": 14.0
    },
    "accuracy": 0.5535055350553506,
    "macro avg": {
      "precision": 0.5402979894107344,
      "recall": 0.5395923625928787,
      "f1-score": 0.5225180399242763,
      "support": 542.0
    },
    "weighted avg": {
      "precision": 0.5854029448190509,
      "recall": 0.5535055350553506,
      "f1-score": 0.5511188837573511,
      "support": 542.0
    }
  },
  "test_report": {
    "sentences1": {
      "precision": 0.36363636363636365,
      "recall": 0.25,
      "f1-score": 0.2962962962962963,
      "support": 16.0
    },
    "sentences10": {
      "precision": 0.5,
      "recall": 0.4375,
      "f1-score": 0.4666666666666667,
      "support": 16.0
    },
    "sentences2": {
      "precision": 0.5416666666666666,
      "recall": 0.52,
      "f1-score": 0.5306122448979592,
      "support": 25.0
    },
    "sentences3": {
      "precision": 0.2222222222222222,
      "recall": 0.25,
      "f1-score": 0.23529411764705882,
      "support": 16.0
    },
    "sentences4": {
      "precision": 0.2777777777777778,
      "recall": 0.4166666666666667,
      "f1-score": 0.3333333333333333,
      "support": 12.0
    },
    "sentences5": {
      "precision": 0.4117647058823529,
      "recall": 0.3684210526315789,
      "f1-score": 0.3888888888888889,
      "support": 19.0
    },
    "sentences6": {
      "precision": 0.3125,
      "recall": 0.5555555555555556,
      "f1-score": 0.4,
      "support": 9.0
    },
    "sentences7": {
      "precision": 0.6956521739130435,
      "recall": 0.7619047619047619,
      "f1-score": 0.7272727272727273,
      "support": 21.0
    },
    "sentences8": {
      "precision": 0.23076923076923078,
      "recall": 0.3,
      "f1-score": 0.2608695652173913,
      "support": 10.0
    },
    "sentences9": {
      "precision": 0.5555555555555556,
      "recall": 0.23809523809523808,
      "f1-score": 0.3333333333333333,
      "support": 21.0
    },
    "vowel1": {
      "precision": 0.8235294117647058,
      "recall": 0.7368421052631579,
      "f1-score": 0.7777777777777778,
      "support": 19.0
    },
    "vowel2": {
      "precision": 0.5882352941176471,
      "recall": 0.625,
      "f1-score": 0.6060606060606061,
      "support": 16.0
    },
    "vowel3": {
      "precision": 0.5161290322580645,
      "recall": 0.8888888888888888,
      "f1-score": 0.6530612244897959,
      "support": 18.0
    },
    "vowel4": {
      "precision": 0.7083333333333334,
      "recall": 0.7391304347826086,
      "f1-score": 0.723404255319149,
      "support": 23.0
    },
    "vowel5": {
      "precision": 0.5263157894736842,
      "recall": 0.5263157894736842,
      "f1-score": 0.5263157894736842,
      "support": 19.0
    },
    "word1": {
      "precision": 0.5714285714285714,
      "recall": 0.7272727272727273,
      "f1-score": 0.64,
      "support": 22.0
    },
    "word10": {
      "precision": 0.29411764705882354,
      "recall": 0.3125,
      "f1-score": 0.30303030303030304,
      "support": 16.0
    },
    "word11": {
      "precision": 0.45454545454545453,
      "recall": 0.625,
      "f1-score": 0.5263157894736842,
      "support": 16.0
    },
    "word12": {
      "precision": 0.5454545454545454,
      "recall": 0.48,
      "f1-score": 0.5106382978723404,
      "support": 25.0
    },
    "word13": {
      "precision": 0.47058823529411764,