{
  "num_classes": 30,
  "n_samples": 5421,
  "split": {
    "train": 4336,
    "val": 542
  },
  "val_accuracy": 0.4945,
  "test_accuracy": 0.4825,
  "val_report": {
    "sentences1": {
      "precision": 0.7777777777777778,
      "recall": 0.3888888888888889,
      "f1-score": 0.5185185185185185,
      "support": 18.0
    },
    "sentences10": {
      "precision": 0.5384615384615384,
      "recall": 0.3888888888888889,
      "f1-score": 0.45161290322580644,
      "support": 18.0
    },
    "sentences2": {
      "precision": 0.35714285714285715,
      "recall": 0.35714285714285715,
      "f1-score": 0.35714285714285715,
      "support": 14.0
    },
    "sentences3": {
      "precision": 0.18181818181818182,
      "recall": 0.23529411764705882,
      "f1-score": 0.20512820512820512,
      "support": 17.0
    },
    "sentences4": {
      "precision": 0.3125,
      "recall": 0.4166666666666667,
      "f1-score": 0.35714285714285715,
      "support": 12.0
    },
    "sentences5": {
      "precision": 0.2,
      "recall": 0.1111111111111111,
      "f1-score": 0.14285714285714285,
      "support": 9.0
    },
    "sentences6": {
      "precision": 0.4,
      "recall": 0.42857142857142855,
      "f1-score": 0.41379310344827586,
      "support": 14.0
    },
    "sentences7": {
      "precision": 0.3181818181818182,
      "recall": 0.5833333333333334,
      "f1-score": 0.4117647058823529,
      "support": 12.0
    },
    "sentences8": {
      "precision": 0.5,
      "recall": 0.4666666666666667,
      "f1-score": 0.4827586206896552,
      "support": 15.0
    },
    "sentences9": {
      "precision": 0.75,
      "recall": 0.17647058823529413,
      "f1-score": 0.2857142857142857,
      "support": 17.0
    },
    "vowel1": {
      "precision": 0.5882352941176471,
      "recall": 0.45454545454545453,
      "f1-score": 0.5128205128205128,
      "support": 22.0
    },
    "vowel2": {
      "precision": 0.5483870967741935,
      "recall": 0.7083333333333334,
      "f1-score": 0.6181818181818182,
      "support": 24.0
    },
    "vowel3": {
      "precision": 0.6428571428571429,
      "recall": 0.6428571428571429,
      "f1-score": 0.6428571428571429,
      "support": 14.0
    },
    "vowel4": {
      "precision": 0.6,
      "recall": 0.6666666666666666,
      "f1-score": 0.631578947368421,
      "support": 27.0
    },
    "vowel5": {
      "precision": 0.7777777777777778,
      "recall": 0.7777777777777778,
      "f1-score": 0.7777777777777778,
      "support": 18.0
    },
    "word1": {
      "precision": 0.2857142857142857,
      "recall": 0.26666666666666666,
      "f1-score": 0.27586206896551724,
      "support": 15.0
    },
    "word10": {
      "precision": 0.45,
      "recall": 0.6923076923076923,
      "f1-score": 0.5454545454545454,
      "support": 13.0
    },
    "word11": {
      "precision": 0.4166666666666667,
      "recall": 0.5,
      "f1-score": 0.45454545454545453,
      "support": 20.0
    },
    "word12": {
      "precision": 0.38095238095238093,
      "recall": 0.6153846153846154,
      "f1-score": 0.47058823529411764,
      "support": 13.0
    },
    "word13": {
      "precision": 0.3181818181818182,
      "recall": 0.3888888888888889,
      "f1-score": 0.35,
      "support": 18.0
    },
    "word14": {
      "precision": 0.782608695652174,
      "recall": 0.6428571428571429,
      "f1-score": 0.7058823529411765,
      "support": 28.0
    },
    "word15": {
      "precision": 0.6428571428571429,
      "recall": 0.45,
      "f1-score": 0.5294117647058824,
      "support": 20.0
    },
    "word2": {
      "precision": 0.6190476190476191,
      "recall": 0.40625,
      "f1-score": 0.49056603773584906,
      "support": 32.0
    },
    "word3": {
      "precision": 0.36363636363636365,
      "recall": 0.25,
      "f1-score": 0.2962962962962963,
      "support": 16.0
    },
    "word4": {
      "precision": 0.5263157894736842,
      "recall": 0.37037037037037035,
      "f1-score": 0.43478260869565216,
      "support": 27.0
    },
    "word5": {
      "precision": 0.4375,
      "recall": 0.7,
      "f1-score": 0.5384615384615384,
      "support": 10.0
    },
    "word6": {
      "precision": 0.4482758620689655,
      "recall": 0.6842105263157895,
      "f1-score": 0.5416666666666666,
      "support": 19.0
    },
    "word7": {
      "precision": 0.5909090909090909,
      "recall": 0.5416666666666666,
      "f1-score": 0.5652173913043478,
      "support": 24.0
    },
    "word8": {
      "precision": 0.6363636363636364,
      "recall": 0.6363636363636364,
      "f1-score": 0.6363636363636364,
      "support": 22.0
    },
    "word9": {
      "precision": 0.45,
      "recall": 0.6428571428571429,
      "f1-score": 0.5294117647058824,
      "support": 14.0
    },
    "accuracy": 0.4944649446494465,
    "macro avg": {
      "precision": 0.4947389612144255,
      "recall": 0.4863679423670393,
      "f1-score": 0.4724719920297397,
      "support": 542.0
    },
    "weighted avg": {
      "precision": 0.5229428865927973,
      "recall": 0.4944649446494465,
      "f1-score": 0.4915985391454877,
      "support": 542.0
    }
  },
  "test_report": {
    "sentences1": {
      "precision": 0.42857142857142855,
      "recall": 0.1875,
      "f1-score": 0.2608695652173913,
      "support": 16.0
    },
    "sentences10": {
      "precision": 0.5384615384615384,
      "recall": 0.4375,
      "f1-score": 0.4827586206896552,
      "support": 16.0
    },
    "sentences2": {
      "precision": 0.5909090909090909,
      "recall": 0.52,
      "f1-score": 0.5531914893617021,
      "support": 25.0
    },
    "sentences3": {
      "precision": 0.13333333333333333,
      "recall": 0.125,
      "f1-score": 0.12903225806451613,
      "support": 16.0
    },
    "sentences4": {
      "precision": 0.2857142857142857,
      "recall": 0.5,
      "f1-score": 0.36363636363636365,
      "support": 12.0
    },
    "sentences5": {
      "precision": 0.6666666666666666,
      "recall": 0.42105263157894735,
      "f1-score": 0.5161290322580645,
      "support": 19.0
    },
    "sentences6": {
      "precision": 0.125,
      "recall": 0.2222222222222222,
      "f1-score": 0.16,
      "support": 9.0
    },
    "sentences7": {
      "precision": 0.56,
      "recall": 0.6666666666666666,
      "f1-score": 0.6086956521739131,
      "support": 21.0
    },
    "sentences8": {
      "precision": 0.35294117647058826,
      "recall": 0.6,
      "f1-score": 0.4444444444444444,
      "support": 10.0
    },
    "sentences9": {
      "precision": 0.4166666666666667,
      "recall": 0.23809523809523808,
      "f1-score": 0.30303030303030304,
      "support": 21.0
    },
    "vowel1": {
      "precision": 0.6875,
      "recall": 0.5789473684210527,
      "f1-score": 0.6285714285714286,
      "support": 19.0
    },
    "vowel2": {
      "precision": 0.5,
      "recall": 0.5625,
      "f1-score": 0.5294117647058824,
      "support": 16.0
    },
    "vowel3": {
      "precision": 0.5769230769230769,
      "recall": 0.8333333333333334,
      "f1-score": 0.6818181818181818,
      "support": 18.0
    },
    "vowel4": {
      "precision": 0.6,
      "recall": 0.6521739130434783,
      "f1-score": 0.625,
      "support": 23.0
    },
    "vowel5": {
      "precision": 0.38461538461538464,
      "recall": 0.5263157894736842,
      "f1-score": 0.4444444444444444,
      "support": 19.0
    },
    "word1": {
      "precision": 0.7,
      "recall": 0.6363636363636364,
      "f1-score": 0.6666666666666666,
      "support": 22.0
    },
    "word10": {
      "precision": 0.26666666666666666,
      "recall": 0.25,
      "f1-score": 0.25806451612903225,
      "support": 16.0
    },
    "word11": {
      "precision": 0.6153846153846154,
      "recall": 0.5,
      "f1-score": 0.5517241379310345,
      "support": 16.0
    },
    "word12": {
      "precision": 0.34782608695652173,
      "recall": 0.32,
      "f1-score": 0.3333333333333333,
      "support": 25.0
    },
    "word13": {
      "precision": 0.35,